SET check_function_bodies = false;
INSERT INTO public.interests (id, name) VALUES (1, 'Hasura');
INSERT INTO public.interests (id, name) VALUES (2, 'PostgreSQL');
INSERT INTO public.interests (id, name) VALUES (3, 'GraphQL');
INSERT INTO public.interests (id, name) VALUES (4, 'Python');
INSERT INTO public.interests (id, name) VALUES (5, 'Rust');
INSERT INTO public.interests (id, name) VALUES (6, 'PHP');
INSERT INTO public.interests (id, name) VALUES (7, 'Laravel');
INSERT INTO public.interests (id, name) VALUES (8, 'Databases');
INSERT INTO public.interests (id, name) VALUES (9, 'Golang');
INSERT INTO public.interests (id, name) VALUES (10, 'Kotlin');
INSERT INTO public.interests (id, name) VALUES (11, 'Android Development');
INSERT INTO public.users (id, first_name) VALUES (1, 'Kaspar');
INSERT INTO public.users (id, first_name) VALUES (2, 'Bob');
INSERT INTO public.users (id, first_name) VALUES (3, 'Mary');
INSERT INTO public.users (id, first_name) VALUES (4, 'Thomas');
INSERT INTO public.users (id, first_name) VALUES (5, 'Anastasia');
INSERT INTO public.users (id, first_name) VALUES (6, 'Philip');
INSERT INTO public.user_interests (id, user_id, interest_id) VALUES (1, 1, 1);
INSERT INTO public.user_interests (id, user_id, interest_id) VALUES (2, 1, 2);
INSERT INTO public.user_interests (id, user_id, interest_id) VALUES (3, 1, 3);
INSERT INTO public.user_interests (id, user_id, interest_id) VALUES (4, 2, 1);
INSERT INTO public.user_interests (id, user_id, interest_id) VALUES (5, 2, 2);
INSERT INTO public.user_interests (id, user_id, interest_id) VALUES (6, 2, 3);
INSERT INTO public.user_interests (id, user_id, interest_id) VALUES (7, 2, 4);
INSERT INTO public.user_interests (id, user_id, interest_id) VALUES (8, 2, 5);
INSERT INTO public.user_interests (id, user_id, interest_id) VALUES (9, 3, 1);
INSERT INTO public.user_interests (id, user_id, interest_id) VALUES (10, 3, 3);
INSERT INTO public.user_interests (id, user_id, interest_id) VALUES (11, 3, 10);
INSERT INTO public.user_interests (id, user_id, interest_id) VALUES (12, 4, 2);
INSERT INTO public.user_interests (id, user_id, interest_id) VALUES (13, 4, 6);
INSERT INTO public.user_interests (id, user_id, interest_id) VALUES (14, 4, 7);
INSERT INTO public.user_interests (id, user_id, interest_id) VALUES (15, 4, 8);
INSERT INTO public.user_interests (id, user_id, interest_id) VALUES (16, 5, 9);
INSERT INTO public.user_interests (id, user_id, interest_id) VALUES (17, 5, 10);
INSERT INTO public.user_interests (id, user_id, interest_id) VALUES (18, 5, 11);
INSERT INTO public.user_interests (id, user_id, interest_id) VALUES (19, 6, 11);
SELECT pg_catalog.setval('public.interests_id_seq', 11, true);
SELECT pg_catalog.setval('public.user_interests_id_seq', 19, true);
SELECT pg_catalog.setval('public.users_id_seq', 6, true);
